{
  "AF": "아프가니스탄",
  "AX": "올란드 제도",
  "AL": "알바니아",
  "DZ": "알제리",
  "AS": "아메리칸 사모아",
  "AD": "안도라",
  "AO": "앙골라",
  "AI": "앵귈라",
  "AQ": "남극",
  "AG": "앤티가바부다",
  "AR": "아르헨티나",
  "AM": "아르메니아",
  "AW": "아루바",
  "AU": "호주",
  "AT": "오스트리아",
  "AZ": "아제르바이잔",
  "BS": "바하마",
  "BH": "바레인",
  "BD": "방글라데시",
  "BB": "바베이도스",
  "BY": "벨라루스",
  "BE": "벨기에",
  "BZ": "벨리즈",
  "BJ": "베냉",
  "BM": "버뮤다",
  "BT": "부탄",
  "BO": "볼리비아 (볼리비아다민족국)",
  "BA": "보스니아헤르체고비나",
  "BW": "보츠와나",
  "BV": "부베 섬",
  "BR": "브라질",
  "BQ": "",
  "IO": "영국령 인도양 지역",
  "BN": "브루나이 다루살람",
  "BG": "블가리아",
  "BF": "부르키나파소",
  "BI": "부룬디",
  "KH": "캄보디아",
  "CM": "카메룬",
  "CA": "캐나다",
  "CV": "카보베르데",
  "KY": "케이맨 제도",
  "CF": "중앙아프리카공화국",
  "TD": "차드",
  "CL": "칠레",
  "CN": "중국",
  "CX": "크리스마스 섬",
  "CC": "코코스 제도",
  "CO": "콜롬비아",
  "KM": "코모로",
  "CG": "콩고",
  "CD": "콩고민주공화국",
  "CK": "쿡 제도",
  "CR": "코스타리카",
  "CI": "코트디부아르",
  "HR": "크로아티아",
  "CU": "쿠바",
  "CW": "퀴라소",
  "CY": "사이프러스",
  "CZ": "체코",
  "DK": "덴마크",
  "DJ": "지부티",
  "DM": "도미니카",
  "DO": "도미니카공화국",
  "EC": "에콰도르",
  "EG": "이집트",
  "SV": "엘살바도르",
  "GQ": "적도기니",
  "ER": "에리트레아",
  "EE": "에스토니아",
  "ET": "에티오피아",
  "FK": "포클랜드 제도 (말비나스)",
  "FO": "파로 제도",
  "FJ": "피지",
  "FI": "핀란드",
  "FR": "프랑스",
  "GF": "프랑스령 기아나",
  "PF": "프랑스령 폴리네시아",
  "TF": "프랑스령 남방",
  "GA": "가봉",
  "GM": "감비아",
  "GE": "조지아",
  "MK": "북마케도니아",
  "MG": "마다가스카르",
  "MW": "말라위",
  "MY": "말레이시아",
  "MV": "몰디브",
  "ML": "말리",
  "MT": "몰타",
  "MH": "마셜 제도",
  "MQ": "마르티니크",
  "MR": "모리타니아",
  "MU": "모리셔스",
  "YT": "마요트",
  "MX": "멕시코",
  "FM": "마이크로네시아연방",
  "MD": "몰도바공화국",
  "MC": "모나코",
  "MN": "몽골",
  "ME": "몬테네그로",
  "MS": "몬세라트",
  "MA": "모로코",
  "MZ": "모잠비크",
  "MM": "미얀마",
  "NA": "나미비아",
  "NR": "나우루",
  "NP": "네팔",
  "NL": "네덜란드왕국",
  "AN": "네덜란드령 안틸레스",
  "NC": "뉴칼레도니아",
  "NZ": "뉴질랜드",
  "NI": "니카라과",
  "NE": "니제르",
  "NG": "나이지리아",
  "NU": "니우에",
  "NF": "노퍽 섬",
  "MP": "북마리아나 제도",
  "NO": "노르웨이",
  "OM": "오만",
  "PK": "파키스탄",
  "PW": "팔라우",
  "PS": "팔레스타인",
  "PA": "파나마",
  "PG": "파푸아뉴기니",
  "PY": "파라과이",
  "PE": "페루",
  "PH": "필리핀",
  "PN": "핏케언",
  "PL": "폴란드",
  "PT": "포르투갈",
  "PR": "푸에르토리코",
  "QA": "카타르",
  "TV": "투발루",
  "UG": "우간다",
  "UA": "우크라이나",
  "AE": "아랍에미리트연합국",
  "GB": "영국",
  "QO": "오세아니아"
}
